Unnamed: 0,projectID,condition,reference_condition,title,geo_accession,status,submission_date,last_update_date
GSM94778,95001,low_iron,low_iron,"Bradyrhizobium japonicum strain LO, low iron, biological rep_1",GSM94778,Public on Mar 15 2006,Feb 01 2006,Feb 02 2006
GSM94780,95001,low_iron,low_iron,"Bradyrhizobium japonicum strain LO, low iron, biological rep_2",GSM94780,Public on Mar 15 2006,Feb 01 2006,Feb 02 2006
GSM94781,95001,low_iron,low_iron,"Bradyrhizobium japonicum strain LO, low iron, biological rep_3",GSM94781,Public on Mar 15 2006,Feb 01 2006,Feb 02 2006
GSM94783,95001,high_iron,low_iron,"Bradyrhizobium japonicum strain LO, high iron, biological rep_1",GSM94783,Public on Mar 15 2006,Feb 01 2006,Feb 02 2006
GSM94784,95001,high_iron,low_iron,"Bradyrhizobium japonicum strain LO, high iron, biological rep_2",GSM94784,Public on Mar 15 2006,Feb 01 2006,Feb 02 2006
GSM94785,95001,high_iron,low_iron,"Bradyrhizobium japonicum strain LO, high iron, biological rep_3",GSM94785,Public on Mar 15 2006,Feb 01 2006,Feb 02 2006
GSM94787,95001,irr_mutant_strain,low_iron,"Bradyrhizobium japonicum irr mutant strain LODTM5, low iron, biological rep_1",GSM94787,Public on Mar 15 2006,Feb 01 2006,Feb 02 2006
GSM94788,95001,irr_mutant_strain,low_iron,"Bradyrhizobium japonicum irr mutant strain LODTM5, low iron, biological rep_2",GSM94788,Public on Mar 15 2006,Feb 01 2006,Feb 02 2006
GSM94790,95001,irr_mutant_strain,low_iron,"Bradyrhizobium japonicum irr mutant strain LODTM5, low iron, biological rep_3",GSM94790,Public on Mar 15 2006,Feb 01 2006,Feb 02 2006
GSM212687,101727,110spc4_genistein,110spc4,"Bradyrhizobium japonicum 110spc4, induced with genistein, biological replicate 3",GSM212687,Public on Oct 15 2007,Jul 24 2007,Aug 14 2011
GSM212688,101727,110spc4_genistein,110spc4,"Bradyrhizobium japonicum 110spc4, induced with genistein, biological replicate 2",GSM212688,Public on Oct 15 2007,Jul 24 2007,Aug 14 2011
GSM212689,101727,110spc4_genistein,110spc4,"Bradyrhizobium japonicum 110spc4, induced with genistein, biological replicate 1",GSM212689,Public on Oct 15 2007,Jul 24 2007,Aug 14 2011
GSM212690,101727,110spc4,110spc4,"Bradyrhizobium japonicum 110spc4, biological replicate 3",GSM212690,Public on Oct 15 2007,Jul 24 2007,Aug 14 2011
GSM212691,101727,110spc4,110spc4,"Bradyrhizobium japonicum 110spc4, biological replicate 2",GSM212691,Public on Oct 15 2007,Jul 24 2007,Aug 14 2011
GSM212692,101727,110spc4,110spc4,"Bradyrhizobium japonicum 110spc4, biological replicate 1",GSM212692,Public on Oct 15 2007,Jul 24 2007,Aug 14 2011
GSM212768,101727,mutant_strain_613,110spc4,"Bradyrhizobium japonicum mutant strain 613, induced with genistein, biological replicate 3",GSM212768,Public on Oct 15 2007,Jul 24 2007,Aug 14 2011
GSM212769,101727,mutant_strain_613,110spc4,"Bradyrhizobium japonicum mutant strain 613, induced with genistein, biological replicate 2",GSM212769,Public on Oct 15 2007,Jul 24 2007,Aug 14 2011
GSM212772,101727,mutant_strain_901,110spc4,"Bradyrhizobium japonicum mutant strain 901, induced with genistein, biological replicate 2",GSM212772,Public on Oct 15 2007,Jul 24 2007,Aug 14 2011
GSM212773,101727,mutant_strain_901,110spc4,"Bradyrhizobium japonicum mutant strain 901, induced with genistein, biological replicate 1",GSM212773,Public on Oct 15 2007,Jul 24 2007,Aug 14 2011
GSM210216,102625,mutant_strain_N50-97_nodules,110spc4_aerobic _PSY,N50-97 nodules soybean 21 Days 1,GSM210216,Public on Jul 14 2007,Jul 13 2007,Aug 14 2011
GSM210217,102625,mutant_strain_N50-97_nodules,110spc4_aerobic _PSY,N50-97 nodules soybean 21 Days 2,GSM210217,Public on Jul 14 2007,Jul 13 2007,Aug 14 2011
GSM210218,102625,mutant_strain_N50-97_nodules,110spc4_aerobic _PSY,N50-97 nodules soybean 21 Days 3,GSM210218,Public on Jul 14 2007,Jul 13 2007,Aug 14 2011
GSM210221,102625,mutant_strain_N50-97_micro,110spc4_aerobic _PSY,N50-97 micro PSY 1,GSM210221,Public on Jul 14 2007,Jul 13 2007,Aug 14 2011
GSM210224,102625,mutant_strain_N50-97_micro,110spc4_aerobic _PSY,N50-97 micro PSY 4,GSM210224,Public on Jul 14 2007,Jul 13 2007,Aug 14 2011
GSM210225,102625,mutant_strain_N50-97_micro,110spc4_aerobic _PSY,N50-97 micro PSY 5,GSM210225,Public on Jul 14 2007,Jul 13 2007,Aug 14 2011
GSM210226,102625,mutant_strain_N50-97_micro,110spc4_aerobic _PSY,N50-97 micro PSY 6,GSM210226,Public on Jul 14 2007,Jul 13 2007,Aug 14 2011
GSM210227,102625,mutant_strain_N50-97_aerobic,110spc4_aerobic _PSY,N50-97 aerobic PSY 1,GSM210227,Public on Jul 14 2007,Jul 13 2007,Aug 14 2011
GSM210228,102625,mutant_strain_N50-97_aerobic,110spc4_aerobic _PSY,N50-97 aerobic PSY 2,GSM210228,Public on Jul 14 2007,Jul 13 2007,Aug 14 2011
GSM210229,102625,mutant_strain_N50-97_aerobic,110spc4_aerobic _PSY,N50-97 aerobic PSY 3,GSM210229,Public on Jul 14 2007,Jul 13 2007,Aug 14 2011
GSM210230,102625,mutant_strain_N50-97_aerobic,110spc4_aerobic _PSY,N50-97 aerobic PSY 4,GSM210230,Public on Jul 14 2007,Jul 13 2007,Aug 14 2011
GSM210231,102625,mutant_strain_N50-97_aerobic,110spc4_aerobic _PSY,N50-97 aerobic PSY 5,GSM210231,Public on Jul 14 2007,Jul 13 2007,Aug 14 2011
GSM210232,102625,mutant_strain_N50-97_aerobic,110spc4_aerobic _PSY,N50-97 aerobic PSY 6,GSM210232,Public on Jul 14 2007,Jul 13 2007,Aug 14 2011
GSM210233,102625,110spc4_nodules_soybean_31,110spc4_aerobic _PSY,110spc4 nodules soybean 31 Days 1,GSM210233,Public on Jul 14 2007,Jul 13 2007,Aug 14 2011
GSM210234,102625,110spc4_nodules_soybean_31,110spc4_aerobic _PSY,110spc4 nodules soybean 31 Days 2,GSM210234,Public on Jul 14 2007,Jul 13 2007,Aug 14 2011
GSM210235,102625,110spc4_nodules_soybean_31,110spc4_aerobic _PSY,110spc4 nodules soybean 31 Days 3,GSM210235,Public on Jul 14 2007,Jul 13 2007,Aug 14 2011
GSM210238,102625,110spc4_nodules_soybean_13,110spc4_aerobic _PSY,110spc4 nodules soybean 13 Days 1,GSM210238,Public on Jul 14 2007,Jul 13 2007,Aug 14 2011
GSM210239,102625,110spc4_nodules_soybean_13,110spc4_aerobic _PSY,110spc4 nodules soybean 13 Days 2,GSM210239,Public on Jul 14 2007,Jul 13 2007,Aug 14 2011
GSM210240,102625,110spc4_nodules_soybean_13,110spc4_aerobic _PSY,110spc4 nodules soybean 13 Days 3,GSM210240,Public on Jul 14 2007,Jul 13 2007,Aug 14 2011
GSM210241,102625,110spc4_nodules_soybean_13,110spc4_aerobic _PSY,110spc4 nodules soybean 13 Days 4,GSM210241,Public on Jul 14 2007,Jul 13 2007,Aug 14 2011
GSM210243,102625,110spc4_nodules_soybean_21,110spc4_aerobic _PSY,110spc4 nodules soybean 21 Days 2,GSM210243,Public on Jul 14 2007,Jul 13 2007,Aug 14 2011
GSM210244,102625,110spc4_nodules_soybean_21,110spc4_aerobic _PSY,110spc4 nodules soybean 21 Days 3,GSM210244,Public on Jul 14 2007,Jul 13 2007,Aug 14 2011
GSM210246,102625,110spc4_micro_PSY,110spc4_aerobic _PSY,110spc4 micro PSY 1,GSM210246,Public on Jul 14 2007,Jul 13 2007,Aug 14 2011
GSM210247,102625,110spc4_micro_PSY,110spc4_aerobic _PSY,110spc4 micro PSY 2,GSM210247,Public on Jul 14 2007,Jul 13 2007,Aug 14 2011
GSM210248,102625,110spc4_micro_PSY,110spc4_aerobic _PSY,110spc4 micro PSY 3,GSM210248,Public on Jul 14 2007,Jul 13 2007,Aug 14 2011
GSM210249,102625,110spc4_micro_PSY,110spc4_aerobic _PSY,110spc4 micro PSY 4,GSM210249,Public on Jul 14 2007,Jul 13 2007,Aug 14 2011
GSM210250,102625,110spc4_micro_PSY,110spc4_aerobic _PSY,110spc4 micro PSY 5,GSM210250,Public on Jul 14 2007,Jul 13 2007,Aug 14 2011
GSM210251,102625,110spc4_micro_PSY,110spc4_aerobic _PSY,110spc4 micro PSY 6,GSM210251,Public on Jul 14 2007,Jul 13 2007,Aug 14 2011
GSM210252,102625,110spc4_micro_PSY,110spc4_aerobic _PSY,110spc4 micro PSY 7,GSM210252,Public on Jul 14 2007,Jul 13 2007,Aug 14 2011
GSM210253,102625,110spc4_micro_PSY,110spc4_aerobic _PSY,110spc4 micro PSY 8,GSM210253,Public on Jul 14 2007,Jul 13 2007,Aug 14 2011
GSM210254,102625,110spc4_micro_PSY,110spc4_aerobic _PSY,110spc4 micro PSY 9,GSM210254,Public on Jul 14 2007,Jul 13 2007,Aug 14 2011
GSM210255,102625,110spc4_micro_PSY,110spc4_aerobic _PSY,110spc4 micro PSY 10,GSM210255,Public on Jul 14 2007,Jul 13 2007,Aug 14 2011
GSM210256,102625,110spc4_micro_PSY,110spc4_aerobic _PSY,110spc4 micro PSY 11,GSM210256,Public on Jul 14 2007,Jul 13 2007,Aug 14 2011
GSM210257,102625,110spc4_micro_PSY,110spc4_aerobic _PSY,110spc4 micro PSY 12,GSM210257,Public on Jul 14 2007,Jul 13 2007,Aug 14 2011
GSM210258,102625,110spc4_micro_PSY,110spc4_aerobic _PSY,110spc4 micro PSY 13,GSM210258,Public on Jul 14 2007,Jul 13 2007,Aug 14 2011
GSM210259,102625,110spc4_micro_PSY,110spc4_aerobic _PSY,110spc4 micro PSY 14,GSM210259,Public on Jul 14 2007,Jul 13 2007,Aug 14 2011
GSM210260,102625,110spc4_micro_PSY,110spc4_aerobic _PSY,110spc4 micro PSY 15,GSM210260,Public on Jul 14 2007,Jul 13 2007,Aug 14 2011
GSM210261,102625,110spc4_micro_PSY,110spc4_aerobic _PSY,110spc4 micro PSY 16,GSM210261,Public on Jul 14 2007,Jul 13 2007,Aug 14 2011
GSM210262,102625,110spc4_micro_PSY,110spc4_aerobic _PSY,110spc4 micro PSY 17,GSM210262,Public on Jul 14 2007,Jul 13 2007,Aug 14 2011
GSM210263,102625,110spc4_micro_PSY,110spc4_aerobic _PSY,110spc4 micro PSY 18,GSM210263,Public on Jul 14 2007,Jul 13 2007,Aug 14 2011
GSM210264,102625,110spc4_micro_PSY,110spc4_aerobic _PSY,110spc4 micro PSY 19,GSM210264,Public on Jul 14 2007,Jul 13 2007,Aug 14 2011
GSM210265,102625,110spc4_micro_PSY,110spc4_aerobic _PSY,110spc4 micro PSY 20,GSM210265,Public on Jul 14 2007,Jul 13 2007,Aug 14 2011
GSM210266,102625,110spc4_micro_PSY,110spc4_aerobic _PSY,110spc4 micro PSY 21,GSM210266,Public on Jul 14 2007,Jul 13 2007,Aug 14 2011
GSM210267,102625,110spc4_micro_PSY,110spc4_aerobic _PSY,110spc4 micro PSY 22,GSM210267,Public on Jul 14 2007,Jul 13 2007,Aug 14 2011
GSM210269,102625,110spc4_aerobic _PSY,110spc4_aerobic _PSY,110spc4 aerobic PSY 1,GSM210269,Public on Jul 14 2007,Jul 13 2007,Aug 14 2011
GSM210270,102625,110spc4_aerobic _PSY,110spc4_aerobic _PSY,110spc4 aerobic PSY 2,GSM210270,Public on Jul 14 2007,Jul 13 2007,Aug 14 2011
GSM210271,102625,110spc4_aerobic _PSY,110spc4_aerobic _PSY,110spc4 aerobic PSY 3,GSM210271,Public on Jul 14 2007,Jul 13 2007,Aug 14 2011
GSM210272,102625,110spc4_aerobic _PSY,110spc4_aerobic _PSY,110spc4 aerobic PSY 4,GSM210272,Public on Jul 14 2007,Jul 13 2007,Aug 14 2011
GSM210273,102625,110spc4_aerobic _PSY,110spc4_aerobic _PSY,110spc4 aerobic PSY 5,GSM210273,Public on Jul 14 2007,Jul 13 2007,Aug 14 2011
GSM210274,102625,110spc4_aerobic _PSY,110spc4_aerobic _PSY,110spc4 aerobic PSY 6,GSM210274,Public on Jul 14 2007,Jul 13 2007,Aug 14 2011
GSM210275,102625,110spc4_aerobic _PSY,110spc4_aerobic _PSY,110spc4 aerobic PSY 7,GSM210275,Public on Jul 14 2007,Jul 13 2007,Aug 14 2011
GSM210276,102625,110spc4_aerobic _PSY,110spc4_aerobic _PSY,110spc4 aerobic PSY 8,GSM210276,Public on Jul 14 2007,Jul 13 2007,Aug 14 2011
GSM210277,102625,110spc4_aerobic _PSY,110spc4_aerobic _PSY,110spc4 aerobic PSY 9,GSM210277,Public on Jul 14 2007,Jul 13 2007,Aug 14 2011
GSM210278,102625,110spc4_aerobic _PSY,110spc4_aerobic _PSY,110spc4 aerobic PSY 10,GSM210278,Public on Jul 14 2007,Jul 13 2007,Aug 14 2011
GSM210279,102625,110spc4_aerobic _PSY,110spc4_aerobic _PSY,110spc4 aerobic PSY 11,GSM210279,Public on Jul 14 2007,Jul 13 2007,Aug 14 2011
GSM210280,102625,110spc4_aerobic _PSY,110spc4_aerobic _PSY,110spc4 aerobic PSY 12,GSM210280,Public on Jul 14 2007,Jul 13 2007,Aug 14 2011
GSM210281,102625,110spc4_aerobic _PSY,110spc4_aerobic _PSY,110spc4 aerobic PSY 13,GSM210281,Public on Jul 14 2007,Jul 13 2007,Aug 14 2011
GSM210282,102625,110spc4_aerobic _PSY,110spc4_aerobic _PSY,110spc4 aerobic PSY 14,GSM210282,Public on Jul 14 2007,Jul 13 2007,Aug 14 2011
GSM210283,102625,110spc4_aerobic _PSY,110spc4_aerobic _PSY,110spc4 aerobic PSY 15,GSM210283,Public on Jul 14 2007,Jul 13 2007,Aug 14 2011
GSM228969,102625,2426_aerobic_PSY,110spc4_aerobic _PSY,2426 aerobic PSY rep_1,GSM228969,Public on Nov 15 2007,Sep 12 2007,Aug 14 2011
GSM228970,102625,2426_aerobic_PSY,110spc4_aerobic _PSY,2426 aerobic PSY rep_2,GSM228970,Public on Nov 15 2007,Sep 12 2007,Aug 14 2011
GSM228971,102625,2426_aerobic_PSY,110spc4_aerobic _PSY,2426 aerobic PSY rep_3,GSM228971,Public on Nov 15 2007,Sep 12 2007,Aug 14 2011
GSM228972,102625,2426_aerobic_PSY,110spc4_aerobic _PSY,2426 aerobic PSY rep_4,GSM228972,Public on Nov 15 2007,Sep 12 2007,Aug 14 2011
GSM228973,102625,2426_aerobic_PSY,110spc4_aerobic _PSY,2426 aerobic PSY rep_5,GSM228973,Public on Nov 15 2007,Sep 12 2007,Aug 14 2011
GSM228974,102625,2426_aerobic_PSY,110spc4_aerobic _PSY,2426 aerobic PSY rep_6,GSM228974,Public on Nov 15 2007,Sep 12 2007,Aug 14 2011
GSM228975,102625,2426_aerobic_PSY,110spc4_aerobic _PSY,2426 aerobic PSY rep_7,GSM228975,Public on Nov 15 2007,Sep 12 2007,Aug 14 2011
GSM228976,102625,2426_aerobic_PSY,110spc4_aerobic _PSY,2426 aerobic PSY rep_8,GSM228976,Public on Nov 15 2007,Sep 12 2007,Aug 14 2011
GSM228987,102625,2426_micro_PSY,110spc4_aerobic _PSY,2426 micro PSY rep_1,GSM228987,Public on Nov 15 2007,Sep 12 2007,Aug 14 2011
GSM228988,102625,2426_micro_PSY,110spc4_aerobic _PSY,2426 micro PSY rep_2,GSM228988,Public on Nov 15 2007,Sep 12 2007,Aug 14 2011
GSM228989,102625,2426_micro_PSY,110spc4_aerobic _PSY,2426 micro PSY rep_3,GSM228989,Public on Nov 15 2007,Sep 12 2007,Aug 14 2011
GSM228990,102625,2426_micro_PSY,110spc4_aerobic _PSY,2426 micro PSY rep_4,GSM228990,Public on Nov 15 2007,Sep 12 2007,Aug 14 2011
GSM228991,102625,2426_micro_PSY,110spc4_aerobic _PSY,2426 micro PSY rep_5,GSM228991,Public on Nov 15 2007,Sep 12 2007,Aug 14 2011
GSM313721,102625,7360_microaerobiosis_PSY,110spc4_aerobic _PSY,7360 microaerobiosis PSY 1,GSM313721,Public on Aug 21 2008,Aug 19 2008,Aug 21 2008
GSM313722,102625,7360_microaerobiosis_PSY,110spc4_aerobic _PSY,7360 microaerobiosis PSY 2,GSM313722,Public on Aug 21 2008,Aug 19 2008,Aug 21 2008
GSM313723,102625,7360_microaerobiosis_PSY,110spc4_aerobic _PSY,7360 microaerobiosis PSY 3,GSM313723,Public on Aug 21 2008,Aug 19 2008,Aug 21 2008
GSM313724,102625,7360_microaerobiosis_PSY,110spc4_aerobic _PSY,7360 microaerobiosis PSY 4,GSM313724,Public on Aug 21 2008,Aug 19 2008,Aug 21 2008
GSM313725,102625,7360_microaerobiosis_PSY,110spc4_aerobic _PSY,7360 microaerobiosis PSY 5,GSM313725,Public on Aug 21 2008,Aug 19 2008,Aug 21 2008
GSM313726,102625,7360_microaerobiosis_PSY,110spc4_aerobic _PSY,7360 microaerobiosis PSY 6,GSM313726,Public on Aug 21 2008,Aug 19 2008,Aug 21 2008
GSM313727,102625,9043_microaerobiosis_PSY,110spc4_aerobic _PSY,9043 microaerobiosis PSY 1,GSM313727,Public on Aug 21 2008,Aug 19 2008,Aug 21 2008
GSM313728,102625,9043_microaerobiosis_PSY,110spc4_aerobic _PSY,9043 microaerobiosis PSY 2,GSM313728,Public on Aug 21 2008,Aug 19 2008,Aug 21 2008
GSM313729,102625,9043_microaerobiosis_PSY,110spc4_aerobic _PSY,9043 microaerobiosis PSY 3,GSM313729,Public on Aug 21 2008,Aug 19 2008,Aug 21 2008
GSM313731,102625,9043_microaerobiosis_PSY,110spc4_aerobic _PSY,9043 microaerobiosis PSY 5,GSM313731,Public on Aug 21 2008,Aug 19 2008,Aug 21 2008
GSM313733,102625,9043_microaerobiosis_PSY,110spc4_aerobic _PSY,9043 microaerobiosis PSY 7,GSM313733,Public on Aug 21 2008,Aug 19 2008,Aug 21 2008
GSM313734,102625,9043_microaerobiosis_PSY,110spc4_aerobic _PSY,9043 microaerobiosis PSY 8,GSM313734,Public on Aug 21 2008,Aug 19 2008,Aug 21 2008
GSM313735,102625,7454_microaerobiosis_PSY,110spc4_aerobic _PSY,7454 microaerobiosis PSY 1,GSM313735,Public on Aug 21 2008,Aug 19 2008,Aug 21 2008
GSM313736,102625,7454_microaerobiosis_PSY,110spc4_aerobic _PSY,7454 microaerobiosis PSY 2,GSM313736,Public on Aug 21 2008,Aug 19 2008,Aug 21 2008
GSM313737,102625,7454_microaerobiosis_PSY,110spc4_aerobic _PSY,7454 microaerobiosis PSY 3,GSM313737,Public on Aug 21 2008,Aug 19 2008,Aug 21 2008
GSM313738,102625,7454_microaerobiosis_PSY,110spc4_aerobic _PSY,7454 microaerobiosis PSY 4,GSM313738,Public on Aug 21 2008,Aug 19 2008,Aug 21 2008
GSM313739,102625,7454_microaerobiosis_PSY,110spc4_aerobic _PSY,7454 microaerobiosis PSY 5,GSM313739,Public on Aug 21 2008,Aug 19 2008,Aug 21 2008
GSM313740,102625,7454_microaerobiosis_PSY,110spc4_aerobic _PSY,7454 microaerobiosis PSY 6,GSM313740,Public on Aug 21 2008,Aug 19 2008,Aug 21 2008
GSM313741,102625,110spc4_anoxic_YEM,110spc4_aerobic _PSY,110spc4 anoxic YEM 1,GSM313741,Public on Aug 21 2008,Aug 19 2008,Aug 21 2008
GSM313742,102625,110spc4_anoxic_YEM,110spc4_aerobic _PSY,110spc4 anoxic YEM 2,GSM313742,Public on Aug 21 2008,Aug 19 2008,Aug 21 2008
GSM313743,102625,110spc4_anoxic_YEM,110spc4_aerobic _PSY,110spc4 anoxic YEM 3,GSM313743,Public on Aug 21 2008,Aug 19 2008,Aug 21 2008
GSM313744,102625,110spc4_anoxic_YEM,110spc4_aerobic _PSY,110spc4 anoxic YEM 4,GSM313744,Public on Aug 21 2008,Aug 19 2008,Aug 21 2008
GSM313745,102625,110spc4_anoxic_YEM,110spc4_aerobic _PSY,110spc4 anoxic YEM 5,GSM313745,Public on Aug 21 2008,Aug 19 2008,Aug 21 2008
GSM313746,102625,110spc4_anoxic_YEM,110spc4_aerobic _PSY,110spc4 anoxic YEM 6,GSM313746,Public on Aug 21 2008,Aug 19 2008,Aug 21 2008
GSM313747,102625,110spc4_anoxic_YEM,110spc4_aerobic _PSY,110spc4 anoxic YEM 7,GSM313747,Public on Aug 21 2008,Aug 19 2008,Aug 21 2008
GSM313748,102625,110spc4_anoxic_YEM,110spc4_aerobic _PSY,110spc4 anoxic YEM 8,GSM313748,Public on Aug 21 2008,Aug 19 2008,Aug 21 2008
GSM313749,102625,110spc4_anoxic_YEM,110spc4_aerobic _PSY,110spc4 anoxic YEM 9,GSM313749,Public on Aug 21 2008,Aug 19 2008,Aug 21 2008
GSM313750,102625,110spc4_anoxic_YEM,110spc4_aerobic _PSY,110spc4 anoxic YEM 10,GSM313750,Public on Aug 21 2008,Aug 19 2008,Aug 21 2008
GSM313751,102625,110spc4_anoxic_YEM,110spc4_aerobic _PSY,110spc4 anoxic YEM 11,GSM313751,Public on Aug 21 2008,Aug 19 2008,Aug 21 2008
GSM313752,102625,110spc4_anoxic_YEM,110spc4_aerobic _PSY,110spc4 anoxic YEM 12,GSM313752,Public on Aug 21 2008,Aug 19 2008,Aug 21 2008
GSM313753,102625,110spc4_anoxic_YEM,110spc4_aerobic _PSY,110spc4 anoxic YEM 13,GSM313753,Public on Aug 21 2008,Aug 19 2008,Aug 21 2008
GSM313754,102625,7454_anoxic_YEM,110spc4_aerobic _PSY,7454 anoxic YEM 1,GSM313754,Public on Aug 21 2008,Aug 19 2008,Aug 21 2008
GSM313755,102625,7454_anoxic_YEM,110spc4_aerobic _PSY,7454 anoxic YEM 2,GSM313755,Public on Aug 21 2008,Aug 19 2008,Aug 21 2008
GSM313756,102625,7454_anoxic_YEM,110spc4_aerobic _PSY,7454 anoxic YEM 3,GSM313756,Public on Aug 21 2008,Aug 19 2008,Aug 21 2008
GSM313757,102625,7454_anoxic_YEM,110spc4_aerobic _PSY,7454 anoxic YEM 4,GSM313757,Public on Aug 21 2008,Aug 19 2008,Aug 21 2008
GSM313758,102625,7454_anoxic_YEM,110spc4_aerobic _PSY,7454 anoxic YEM 5,GSM313758,Public on Aug 21 2008,Aug 19 2008,Aug 21 2008
GSM313759,102625,7454_anoxic_YEM,110spc4_aerobic _PSY,7454 anoxic YEM 6,GSM313759,Public on Aug 21 2008,Aug 19 2008,Aug 21 2008
GSM313766,102625,A9_anoxic_YEM,110spc4_aerobic _PSY,A9 anoxic YEM 1,GSM313766,Public on Aug 21 2008,Aug 19 2008,Aug 21 2008
GSM313767,102625,A9_anoxic_YEM,110spc4_aerobic _PSY,A9 anoxic YEM 2,GSM313767,Public on Aug 21 2008,Aug 19 2008,Aug 21 2008
GSM313768,102625,A9_anoxic_YEM,110spc4_aerobic _PSY,A9 anoxic YEM 3,GSM313768,Public on Aug 21 2008,Aug 19 2008,Aug 21 2008
GSM313769,102625,A9_anoxic_YEM,110spc4_aerobic _PSY,A9 anoxic YEM 4,GSM313769,Public on Aug 21 2008,Aug 19 2008,Aug 21 2008
GSM313770,102625,A9_anoxic_YEM,110spc4_aerobic _PSY,A9 anoxic YEM 5,GSM313770,Public on Aug 21 2008,Aug 19 2008,Aug 21 2008
GSM313771,102625,A9_anoxic_YEM,110spc4_aerobic _PSY,A9 anoxic YEM 6,GSM313771,Public on Aug 21 2008,Aug 19 2008,Aug 21 2008
GSM313772,102625,A9_anoxic_YEM,110spc4_aerobic _PSY,A9 anoxic YEM 7,GSM313772,Public on Aug 21 2008,Aug 19 2008,Aug 21 2008
GSM399408,116905,110spc4_PSY,110spc4_PSY,110spc4_PSY,GSM399408,Public on Jul 01 2009,Apr 30 2009,Apr 30 2009
GSM399409,116905,110spc4_PSY,110spc4_PSY,110spc4 PSY 2,GSM399409,Public on Jul 01 2009,Apr 30 2009,Apr 30 2009
GSM399410,116905,110spc4_PSY,110spc4_PSY,110spc4 PSY 3,GSM399410,Public on Jul 01 2009,Apr 30 2009,Apr 30 2009
GSM399411,116905,8402_PSY,110spc4_PSY,8402 PSY 1,GSM399411,Public on Jul 01 2009,Apr 30 2009,Apr 30 2009
GSM399412,116905,8402_PSY,110spc4_PSY,8402 PSY 2,GSM399412,Public on Jul 01 2009,Apr 30 2009,Apr 30 2009
GSM399413,116905,8402_PSY,110spc4_PSY,8402 PSY 3,GSM399413,Public on Jul 01 2009,Apr 30 2009,Apr 30 2009
GSM399414,116905,8404_PSY,110spc4_PSY,8404 PSY 1,GSM399414,Public on Jul 01 2009,Apr 30 2009,Apr 30 2009
GSM399415,116905,8404_PSY,110spc4_PSY,8404 PSY 2,GSM399415,Public on Jul 01 2009,Apr 30 2009,Apr 30 2009
GSM399417,116905,110spc4_MM_starvation,110spc4_PSY,110spc4 MM starvation 1,GSM399417,Public on Jul 01 2009,Apr 30 2009,Apr 30 2009
GSM399419,116905,110spc4_MM_starvation,110spc4_PSY,110spc4 MM starvation 3,GSM399419,Public on Jul 01 2009,Apr 30 2009,Apr 30 2009
GSM399420,116905,8402_MM_starvation,110spc4_PSY,8402 MM starvation 1,GSM399420,Public on Jul 01 2009,Apr 30 2009,Apr 30 2009
GSM399421,116905,8402_MM_starvation,110spc4_PSY,8402 MM starvation 2,GSM399421,Public on Jul 01 2009,Apr 30 2009,Apr 30 2009
GSM399422,116905,8402_MM_starvation,110spc4_PSY,8402 MM starvation 3,GSM399422,Public on Jul 01 2009,Apr 30 2009,Apr 30 2009
GSM399423,116905,8404_MM_starvation,110spc4_PSY,8404 MM starvation 1,GSM399423,Public on Jul 01 2009,Apr 30 2009,Apr 30 2009
GSM399424,116905,8404_MM_starvation,110spc4_PSY,8404 MM starvation 2,GSM399424,Public on Jul 01 2009,Apr 30 2009,Apr 30 2009
GSM399425,116905,8404_MM_starvation,110spc4_PSY,8404 MM starvation 3,GSM399425,Public on Jul 01 2009,Apr 30 2009,Apr 30 2009
GSM534806,102625,7414_microaerobiosis_PSY,110spc4_aerobic _PSY,7414 microaerobiosis PSY 1,GSM534806,Public on Jun 11 2010,Apr 20 2010,Jun 11 2010
GSM534808,102625,7414_microaerobiosis_PSY,110spc4_aerobic _PSY,7414 microaerobiosis PSY 3,GSM534808,Public on Jun 11 2010,Apr 20 2010,Jun 11 2010
GSM2104019,102625,H1_mutant_nodules_soybean_21,110spc4_aerobic _PSY,H1 mutant nodules soybean 21 Days 1,GSM2104019,Public on Nov 28 2016,Apr 01 2016,Nov 28 2016
GSM2104020,102625,H1_mutant_nodules_soybean_21,110spc4_aerobic _PSY,H1 mutant nodules soybean 21 Days 2,GSM2104020,Public on Nov 28 2016,Apr 01 2016,Nov 28 2016
GSM2104021,102625,H1_mutant_nodules_soybean_21,110spc4_aerobic _PSY,H1 mutant nodules soybean 21 Days 3,GSM2104021,Public on Nov 28 2016,Apr 01 2016,Nov 28 2016
GSM281813,106891,pmtA_mutant_strain,wild-type,"Bradyrhizobium japonicum pmtA mutant strain 5569, rep_1",GSM281813,Public on Apr 17 2008,Apr 16 2008,Apr 16 2008
GSM281814,106891,pmtA_mutant_strain,wild-type,"Bradyrhizobium japonicum pmtA mutant strain 5569, rep_2",GSM281814,Public on Apr 17 2008,Apr 16 2008,Apr 16 2008
GSM281815,106891,pmtA_mutant_strain,wild-type,"Bradyrhizobium japonicum pmtA mutant strain 5569, rep_3",GSM281815,Public on Apr 17 2008,Apr 16 2008,Apr 16 2008
GSM281816,106891,pmtA_mutant_strain,wild-type,"Bradyrhizobium japonicum pmtA mutant strain 5569, rep_4",GSM281816,Public on Apr 17 2008,Apr 16 2008,Apr 16 2008
GSM281817,106891,pmtA_mutant_strain,wild-type,"Bradyrhizobium japonicum pmtA mutant strain 5569, rep_5",GSM281817,Public on Apr 17 2008,Apr 16 2008,Apr 16 2008
GSM281818,106891,wild-type,wild-type,"Bradyrhizobium japonicum wild-type strain USDA110spc4, rep_1",GSM281818,Public on Apr 17 2008,Apr 16 2008,Apr 16 2008
GSM281819,106891,wild-type,wild-type,"Bradyrhizobium japonicum wild-type strain USDA110spc4, rep_2",GSM281819,Public on Apr 17 2008,Apr 16 2008,Apr 16 2008
GSM281820,106891,wild-type,wild-type,"Bradyrhizobium japonicum wild-type strain USDA110spc4, rep_3",GSM281820,Public on Apr 17 2008,Apr 16 2008,Apr 16 2008
GSM281821,106891,wild-type,wild-type,"Bradyrhizobium japonicum wild-type strain USDA110spc4, rep_4",GSM281821,Public on Apr 17 2008,Apr 16 2008,Apr 16 2008
GSM281822,106891,wild-type,wild-type,"Bradyrhizobium japonicum wild-type strain USDA110spc4, rep_5",GSM281822,Public on Apr 17 2008,Apr 16 2008,Apr 16 2008
GSM556948,127623,6498_nodules_soybean_21,110spc4_VMM_exponential,6498 nodules soybean 21 Days 1,GSM556948,Public on Dec 22 2020,Jun 16 2010,Dec 22 2020
GSM556949,127623,6498_nodules_soybean_21,110spc4_VMM_exponential,6498 nodules soybean 21 Days 2,GSM556949,Public on Dec 22 2020,Jun 16 2010,Dec 22 2020
GSM556950,127623,6498_nodules_soybean_21,110spc4_VMM_exponential,6498 nodules soybean 21 Days 3,GSM556950,Public on Dec 22 2020,Jun 16 2010,Dec 22 2020
GSM556952,127623,110spc4_nodules_soybean_21,110spc4_VMM_exponential,110spc4 nodules soybean 21 Days 2,GSM556952,Public on Dec 22 2020,Jun 16 2010,Dec 22 2020
GSM556953,127623,110spc4_nodules_soybean_21,110spc4_VMM_exponential,110spc4 nodules soybean 21 Days 3,GSM556953,Public on Dec 22 2020,Jun 16 2010,Dec 22 2020
GSM556961,127623,110spc4_VMM_exponential,110spc4_VMM_exponential,110spc4 VMM exponential phase 1,GSM556961,Public on Dec 22 2020,Jun 16 2010,Dec 22 2020
GSM556962,127623,110spc4_VMM_exponential,110spc4_VMM_exponential,110spc4 VMM exponential phase 2,GSM556962,Public on Dec 22 2020,Jun 16 2010,Dec 22 2020
GSM556963,127623,110spc4_VMM_exponential,110spc4_VMM_exponential,110spc4 VMM exponential phase 3,GSM556963,Public on Dec 22 2020,Jun 16 2010,Dec 22 2020
GSM556965,127623,6498_VMM _exponential,110spc4_VMM_exponential,6498 VMM  exponential phase 1,GSM556965,Public on Dec 22 2020,Jun 16 2010,Dec 22 2020
GSM556966,127623,6498_VMM _exponential,110spc4_VMM_exponential,6498 VMM exponential phase 2,GSM556966,Public on Dec 22 2020,Jun 16 2010,Dec 22 2020
GSM556915,127741,heat_shock_basis_klang_N15_28,basis_stress_mg270605_wtn,heat shock basis klang_R15_28,GSM556915,Public on Dec 23 2019,Jun 16 2010,Dec 23 2019
GSM556916,127741,heat_shock_basis_klang_N15_28,basis_stress_mg270605_wtn,heat shock basis klang_T15_28,GSM556916,Public on Dec 23 2019,Jun 16 2010,Dec 23 2019
GSM556921,127741,basis_stress_mg270605_wtn,basis_stress_mg270605_wtn,basis stress klang_wtA-,GSM556921,Public on Dec 23 2019,Jun 16 2010,Dec 23 2019
GSM556922,127741,basis_stress_mg270605_wtn,basis_stress_mg270605_wtn,basis stress mg_220506_wt_n8-,GSM556922,Public on Dec 23 2019,Jun 16 2010,Dec 23 2019
GSM556923,127741,basis_stress_mg270605_wtn,basis_stress_mg270605_wtn,basis stress mg270605_wtn7-,GSM556923,Public on Dec 23 2019,Jun 16 2010,Dec 23 2019
GSM556924,127741,basis_stress_mg270605_wtn,basis_stress_mg270605_wtn,basis stress mg270605_wtp7-,GSM556924,Public on Dec 23 2019,Jun 16 2010,Dec 23 2019
GSM556925,127741,basis_stress_mg270605_wtn,basis_stress_mg270605_wtn,basis stress mg270605_wtp8-,GSM556925,Public on Dec 23 2019,Jun 16 2010,Dec 23 2019
GSM556929,127741,salt_stress,basis_stress_mg270605_wtn,salt stress klang_NaCl2,GSM556929,Public on Dec 23 2019,Jun 16 2010,Dec 23 2019
GSM556930,127741,salt_stress,basis_stress_mg270605_wtn,salt stress klang_NaCl3,GSM556930,Public on Dec 23 2019,Jun 16 2010,Dec 23 2019
GSM556932,127741,salt_stress,basis_stress_mg270605_wtn,salt stress Ir070807_nacl_kathrin,GSM556932,Public on Dec 23 2019,Jun 16 2010,Dec 23 2019
GSM556933,127741,pH4_klang,basis_stress_mg270605_wtn,pH 4 klang_O4,GSM556933,Public on Dec 23 2019,Jun 16 2010,Dec 23 2019
GSM556934,127741,pH4_klang,basis_stress_mg270605_wtn,pH 4 klang_P4,GSM556934,Public on Dec 23 2019,Jun 16 2010,Dec 23 2019
GSM556935,127741,pH4_klang,basis_stress_mg270605_wtn,pH 4 klang_Q4,GSM556935,Public on Dec 23 2019,Jun 16 2010,Dec 23 2019
GSM556936,127741,pH8_klang,basis_stress_mg270605_wtn,pH 8 klang_B8,GSM556936,Public on Dec 23 2019,Jun 16 2010,Dec 23 2019
GSM556937,127741,pH8_klang,basis_stress_mg270605_wtn,pH 8 klang_C8,GSM556937,Public on Dec 23 2019,Jun 16 2010,Dec 23 2019
GSM556938,127741,pH8_klang,basis_stress_mg270605_wtn,pH 8 klang_D8,GSM556938,Public on Dec 23 2019,Jun 16 2010,Dec 23 2019
GSM957253,170128,110spc4_micro_PSY,110spc4_micro_PSY,110spc4 micro PSY 1,GSM957253,Public on Aug 24 2012,Jul 06 2012,Aug 24 2012
GSM957254,170128,110spc4_micro_PSY,110spc4_micro_PSY,110spc4 micro PSY 2,GSM957254,Public on Aug 24 2012,Jul 06 2012,Aug 24 2012
GSM957255,170128,110spc4_micro_PSY,110spc4_micro_PSY,110spc4 micro PSY 3,GSM957255,Public on Aug 24 2012,Jul 06 2012,Aug 24 2012
GSM957256,170128,110spc4_micro_2mM_H2O2_10min,110spc4_micro_PSY,110spc4 micro 2mM H2O2 10min PSY 1,GSM957256,Public on Aug 24 2012,Jul 06 2012,Aug 24 2012
GSM957257,170128,110spc4_micro_2mM_H2O2_10min,110spc4_micro_PSY,110spc4 micro 2mM H2O2 10min PSY 2,GSM957257,Public on Aug 24 2012,Jul 06 2012,Aug 24 2012
GSM957258,170128,110spc4_micro_2mM_H2O2_10min,110spc4_micro_PSY,110spc4 micro 2mM H2O2 10min PSY 3,GSM957258,Public on Aug 24 2012,Jul 06 2012,Aug 24 2012
GSM957259,170128,0202_micro_PSY,110spc4_micro_PSY,0202 micro PSY 1,GSM957259,Public on Aug 24 2012,Jul 06 2012,Aug 24 2012
GSM957260,170128,0202_micro_PSY,110spc4_micro_PSY,0202 micro PSY 2,GSM957260,Public on Aug 24 2012,Jul 06 2012,Aug 24 2012
GSM957261,170128,0202_micro_PSY,110spc4_micro_PSY,0202 micro PSY 3,GSM957261,Public on Aug 24 2012,Jul 06 2012,Aug 24 2012
GSM957262,170128,0202_micro_2mM_H2O2_10min_PSY ,110spc4_micro_PSY,0202 micro 2mM H2O2 10min PSY 1,GSM957262,Public on Aug 24 2012,Jul 06 2012,Aug 24 2012
GSM957263,170128,0202_micro_2mM_H2O2_10min_PSY ,110spc4_micro_PSY,0202 micro 2mM H2O2 10min PSY 2,GSM957263,Public on Aug 24 2012,Jul 06 2012,Aug 24 2012
GSM957264,170128,0202_micro_2mM_H2O2_10min_PSY ,110spc4_micro_PSY,0202 micro 2mM H2O2 10min PSY 3,GSM957264,Public on Aug 24 2012,Jul 06 2012,Aug 24 2012
GSM957265,170128,9688_micro_PSY,110spc4_micro_PSY,9688 micro PSY 1,GSM957265,Public on Aug 24 2012,Jul 06 2012,Aug 24 2012
GSM957266,170128,9688_micro_PSY,110spc4_micro_PSY,9688 micro PSY 2,GSM957266,Public on Aug 24 2012,Jul 06 2012,Aug 24 2012
GSM957267,170128,9688_micro_PSY,110spc4_micro_PSY,9688 micro PSY 3,GSM957267,Public on Aug 24 2012,Jul 06 2012,Aug 24 2012
GSM957268,170128,9688_micro_2mM_H2O2_10min_PSY,110spc4_micro_PSY,9688 micro 2mM H2O2 10min PSY 1,GSM957268,Public on Aug 24 2012,Jul 06 2012,Aug 24 2012
GSM957269,170128,9688_micro_2mM_H2O2_10min_PSY,110spc4_micro_PSY,9688 micro 2mM H2O2 10min PSY 2,GSM957269,Public on Aug 24 2012,Jul 06 2012,Aug 24 2012
GSM957270,170128,9688_micro_2mM_H2O2_10min_PSY,110spc4_micro_PSY,9688 micro 2mM H2O2 10min PSY 3,GSM957270,Public on Aug 24 2012,Jul 06 2012,Aug 24 2012
GSM957271,170128,9692_micro_PSY,110spc4_micro_PSY,9692 micro PSY 1,GSM957271,Public on Aug 24 2012,Jul 06 2012,Aug 24 2012
GSM957272,170128,9692_micro_PSY,110spc4_micro_PSY,9692 micro PSY 2,GSM957272,Public on Aug 24 2012,Jul 06 2012,Aug 24 2012
GSM957273,170128,9692_micro_PSY,110spc4_micro_PSY,9692 micro PSY 3,GSM957273,Public on Aug 24 2012,Jul 06 2012,Aug 24 2012
GSM994193,174042,110spc4_aerobic_BVM_minus_copper,110spc4 aerobic_2_micromolar_CuSO4,110spc4 aerobic BVM minus copper 1,GSM994193,Public on Oct 01 2012,Aug 28 2012,Oct 01 2012
GSM994194,174042,110spc4_aerobic_BVM_minus_copper,110spc4 aerobic_2_micromolar_CuSO4,110spc4 aerobic BVM minus copper 2,GSM994194,Public on Oct 01 2012,Aug 28 2012,Oct 01 2012
GSM994195,174042,110spc4_aerobic_BVM_minus_copper,110spc4 aerobic_2_micromolar_CuSO4,110spc4 aerobic BVM minus copper 3,GSM994195,Public on Oct 01 2012,Aug 28 2012,Oct 01 2012
GSM994196,174042,110spc4 aerobic_2_micromolar_CuSO4,110spc4 aerobic_2_micromolar_CuSO4,110spc4 aerobic 2 micromolar CuSO4 1,GSM994196,Public on Oct 01 2012,Aug 28 2012,Oct 01 2012
GSM994197,174042,110spc4 aerobic_2_micromolar_CuSO4,110spc4 aerobic_2_micromolar_CuSO4,110spc4 aerobic 2 micromolar CuSO4 2,GSM994197,Public on Oct 01 2012,Aug 28 2012,Oct 01 2012
GSM994198,174042,110spc4 aerobic_2_micromolar_CuSO4,110spc4 aerobic_2_micromolar_CuSO4,110spc4 aerobic 2 micromolar CuSO4 3,GSM994198,Public on Oct 01 2012,Aug 28 2012,Oct 01 2012
GSM994199,174042,ascorbic_acid,110spc4 aerobic_2_micromolar_CuSO4,110spc4 aerobic 10 micromolar BCS plus 1 millimolar ascorbic acid 1,GSM994199,Public on Oct 01 2012,Aug 28 2012,Oct 01 2012
GSM994200,174042,ascorbic_acid,110spc4 aerobic_2_micromolar_CuSO4,110spc4 aerobic 10 micromolar BCS plus 1 millimolar ascorbic acid 2,GSM994200,Public on Oct 01 2012,Aug 28 2012,Oct 01 2012
GSM994201,174042,ascorbic_acid,110spc4 aerobic_2_micromolar_CuSO4,110spc4 aerobic 10 micromolar BCS plus 1 millimolar ascorbic acid 3,GSM994201,Public on Oct 01 2012,Aug 28 2012,Oct 01 2012
GSM3747633,540979,110spc4_anoxic_1,110spc4_anoxic_1,110spc4 anoxic 2 (NnrR control),GSM3747633,Public on Aug 22 2019,May 03 2019,Aug 22 2019
GSM3747634,540979,110spc4_anoxic_1,110spc4_anoxic_1,110spc4 anoxic 3 (NnrR control),GSM3747634,Public on Aug 22 2019,May 03 2019,Aug 22 2019
GSM3747636,540979,8678_anoxic,110spc4_anoxic_1,8678 anoxic 2,GSM3747636,Public on Aug 22 2019,May 03 2019,Aug 22 2019
GSM3747637,540979,8678_anoxic,110spc4_anoxic_1,8678 anoxic 3,GSM3747637,Public on Aug 22 2019,May 03 2019,Aug 22 2019
